{
  "info": {
    "name": "HRMS API - Saudi HR (Mudad/GOSI/Muqeem)",
    "_postman_id": "b5f7b7e2-6b41-4b7f-9c2b-hrms-sa",
    "description": "Collection covering Attendance, Payroll (WPS/Mudad), Leaves, Letters, Approvals, Performance, ATS, Webhooks.",
    "schema": "https://schema.getpostman.com/json/collection/v2.1.0/collection.json"
  },
  "variable": [
    {
      "key": "base_url",
      "value": "https://api.hrms.local"
    },
    {
      "key": "token",
      "value": "<PUT_YOUR_JWT_TOKEN>"
    }
  ],
  "auth": {
    "type": "bearer",
    "bearer": [
      {
        "key": "token",
        "value": "{{token}}",
        "type": "string"
      }
    ]
  },
  "item": [
    {
      "name": "Auth - Login",
      "request": {
        "method": "POST",
        "header": [
          {
            "key": "Content-Type",
            "value": "application/json"
          }
        ],
        "url": {
          "raw": "{{base_url}}/api/auth/login",
          "host": [
            "{{base_url}}"
          ],
          "path": [
            "api",
            "auth",
            "login"
          ]
        },
        "body": {
          "mode": "raw",
          "raw": "{\"email\": \"admin@company.sa\", \"password\": \"Secret123!\"}"
        }
      }
    },
    {
      "name": "Attendance - Mobile Punch",
      "request": {
        "method": "POST",
        "header": [
          {
            "key": "Content-Type",
            "value": "application/json"
          }
        ],
        "url": {
          "raw": "{{base_url}}/api/attendance/punch",
          "host": [
            "{{base_url}}"
          ],
          "path": [
            "api",
            "attendance",
            "punch"
          ]
        },
        "body": {
          "mode": "raw",
          "raw": "{\"employeeId\": \"UUID\", \"eventType\": \"in\", \"eventTime\": \"2025-11-04T06:45:00Z\", \"latitude\": 21.543333, \"longitude\": 39.172778, \"otp\": \"123456\"}"
        }
      }
    },
    {
      "name": "Shifts - Assign",
      "request": {
        "method": "POST",
        "header": [
          {
            "key": "Content-Type",
            "value": "application/json"
          }
        ],
        "url": {
          "raw": "{{base_url}}/api/shifts/assign",
          "host": [
            "{{base_url}}"
          ],
          "path": [
            "api",
            "shifts",
            "assign"
          ]
        },
        "body": {
          "mode": "raw",
          "raw": "{\"employeeId\": \"UUID\", \"shiftId\": \"UUID\", \"startDate\": \"2025-11-01\", \"endDate\": null}"
        }
      }
    },
    {
      "name": "Leaves - Request",
      "request": {
        "method": "POST",
        "header": [
          {
            "key": "Content-Type",
            "value": "application/json"
          }
        ],
        "url": {
          "raw": "{{base_url}}/api/leaves/requests",
          "host": [
            "{{base_url}}"
          ],
          "path": [
            "api",
            "leaves",
            "requests"
          ]
        },
        "body": {
          "mode": "raw",
          "raw": "{\"employeeId\": \"UUID\", \"policyCode\": \"ANNUAL\", \"startDate\": \"2025-12-10\", \"endDate\": \"2025-12-20\", \"reason\": \"إجازة سنوية\"}"
        }
      }
    },
    {
      "name": "Payroll - Generate & Submit to Mudad (WPS)",
      "request": {
        "method": "POST",
        "header": [
          {
            "key": "Content-Type",
            "value": "application/json"
          }
        ],
        "url": {
          "raw": "{{base_url}}/api/payroll/cycles/UUID/submit-mudad",
          "host": [
            "{{base_url}}"
          ],
          "path": [
            "api",
            "payroll",
            "cycles",
            "UUID",
            "submit-mudad"
          ]
        },
        "body": {
          "mode": "raw",
          "raw": "{\"bankConnector\": \"alrajhi\", \"simulate\": true}"
        }
      }
    },
    {
      "name": "Letters - Issue Salary Certificate",
      "request": {
        "method": "POST",
        "header": [
          {
            "key": "Content-Type",
            "value": "application/json"
          }
        ],
        "url": {
          "raw": "{{base_url}}/api/letters/salary_certificate/issue",
          "host": [
            "{{base_url}}"
          ],
          "path": [
            "api",
            "letters",
            "salary_certificate",
            "issue"
          ]
        },
        "body": {
          "mode": "raw",
          "raw": "{\"employeeId\": \"UUID\", \"toWhom\": \"إلى من يهمه الأمر\", \"language\": \"ar\", \"includeIBAN\": true}"
        }
      }
    },
    {
      "name": "Webhooks - Bank WPS Status (Receiver)",
      "request": {
        "method": "POST",
        "header": [
          {
            "key": "Content-Type",
            "value": "application/json"
          }
        ],
        "url": {
          "raw": "{{base_url}}/webhooks/bank/wps-status",
          "host": [
            "{{base_url}}"
          ],
          "path": [
            "webhooks",
            "bank",
            "wps-status"
          ]
        },
        "body": {
          "mode": "raw",
          "raw": "{\"cycleId\": \"UUID\", \"reference\": \"WPS-2025-11\", \"status\": \"accepted\", \"message\": \"Processed\"}"
        }
      }
    },
    {
      "name": "Approvals - Create Workflow",
      "request": {
        "method": "POST",
        "header": [
          {
            "key": "Content-Type",
            "value": "application/json"
          }
        ],
        "url": {
          "raw": "{{base_url}}/api/approvals",
          "host": [
            "{{base_url}}"
          ],
          "path": [
            "api",
            "approvals"
          ]
        },
        "body": {
          "mode": "raw",
          "raw": "{\"module\": \"leaves\", \"recordId\": \"UUID\", \"steps\": [{\"approverUserId\": \"UUID1\"}, {\"approverUserId\": \"UUID2\"}]}"
        }
      }
    },
    {
      "name": "ATS - Create Requisition",
      "request": {
        "method": "POST",
        "header": [
          {
            "key": "Content-Type",
            "value": "application/json"
          }
        ],
        "url": {
          "raw": "{{base_url}}/api/ats/requisitions",
          "host": [
            "{{base_url}}"
          ],
          "path": [
            "api",
            "ats",
            "requisitions"
          ]
        },
        "body": {
          "mode": "raw",
          "raw": "{\"code\": \"REQ-2025-001\", \"title\": \"HR Business Partner\", \"departmentId\": \"UUID\", \"openings\": 2}"
        }
      }
    },
    {
      "name": "AI - Run Algorithm",
      "request": {
        "method": "POST",
        "header": [
          {
            "key": "Content-Type",
            "value": "multipart/form-data"
          }
        ],
        "url": {
          "raw": "{{base_url}}/api/ai/run",
          "host": [
            "{{base_url}}"
          ],
          "path": [
            "api",
            "ai",
            "run"
          ]
        },
        "body": {
          "mode": "formdata",
          "formdata": [
            {
              "key": "algorithm",
              "value": "linear_regression",
              "type": "text"
            },
            {
              "key": "target",
              "value": "y",
              "type": "text"
            },
            {
              "key": "file",
              "type": "file",
              "src": [
                "<choose a CSV file>"
              ]
            }
          ]
        }
      }
    }
  ]
}